{
  "generated_at": "2026-07-20T12:39:19+0800",
  "source_detections": "detections/20260720_083736_detections.json",
  "intrinsics": {
    "anchor": {
      "resolution": [
        1920,
        1080
      ],
      "K": [
        [
          1424.0,
          0.0,
          960.0
        ],
        [
          0.0,
          1424.0,
          540.0
        ],
        [
          0.0,
          0.0,
          1.0
        ]
      ],
      "distortion": [
        0.0115842,
        0.18723804,
        -0.00126164,
        0.00058383,
        -0.38807272
      ],
      "source": "cranebot3-firmware camera_cal (see calibration.md)"
    },
    "gripper": {
      "resolution": [
        384,
        384
      ],
      "K": [
        [
          439.31834658631243,
          0.0,
          192.0
        ],
        [
          0.0,
          461.5621083718772,
          192.0
        ],
        [
          0.0,
          0.0,
          1.0
        ]
      ],
      "distortion": [
        -0.026228587204545444,
        -0.012309725227594465,
        -0.00033204923591180567,
        0.0015432535264626682,
        0.10759316594344916
      ],
      "source": "cranebot3-firmware camera_cal_wide under center-crop assumption (HACK, unverified - see calibration.md)"
    }
  },
  "world_frame": "tag 0 frame: origin at tag 0 lower-left corner, z-up",
  "overall_rms_px": 0.83,
  "stages": [
    {
      "stage": 1,
      "tags": [
        0,
        5,
        6,
        7
      ],
      "cube": true,
      "cameras": [
        "anchor0",
        "anchor1"
      ]
    },
    {
      "stage": 2,
      "tags": [
        0,
        5,
        6,
        7,
        2,
        4,
        9,
        11
      ],
      "cube": true,
      "cameras": [
        "anchor0",
        "anchor1",
        "gripper"
      ]
    }
  ],
  "cameras": {
    "anchor0": {
      "position_m": [
        0.6986,
        2.4914,
        2.1016
      ],
      "rvec_world_to_cam": [
        0.341097,
        2.551714,
        -1.560245
      ],
      "tvec_world_to_cam": [
        0.041761,
        0.688686,
        3.261268
      ],
      "rms_px": 0.593
    },
    "anchor1": {
      "position_m": [
        -0.5978,
        -1.8227,
        2.1522
      ],
      "rvec_world_to_cam": [
        2.054198,
        -0.299889,
        0.066088
      ],
      "tvec_world_to_cam": [
        0.312429,
        0.93875,
        2.707853
      ],
      "rms_px": 0.809
    },
    "gripper": {
      "position_m": [
        0.1829,
        0.2292,
        1.031
      ],
      "rvec_world_to_cam": [
        -0.914339,
        2.89531,
        0.131085
      ],
      "tvec_world_to_cam": [
        0.207192,
        -0.199436,
        1.032625
      ],
      "rms_px": 1.735,
      "mount_constraint": {
        "offset_in_cube_frame_m": [
          0.041,
          0.0,
          0.53
        ],
        "x_tilt_rad": 0.1571,
        "x_tilt_deg": 9.0,
        "source": "config.json apriltags.marker_objects.\"1\"",
        "note": "rigid mount in the tag-1 cube frame; solved yaw about the cube z-axis, fixed x-tilt about the camera x-axis, y rotation 0; pose derived from cube pose + theta",
        "theta_rad": 5.4986,
        "theta_deg": 315.0
      }
    }
  },
  "tags": {
    "2": {
      "rvec": [
        0.005435,
        -0.033377,
        2.413006
      ],
      "position_m": [
        -1.7139,
        0.1505,
        -0.6649
      ],
      "rms_px": 0.131
    },
    "4": {
      "rvec": [
        0.001051,
        -0.007805,
        2.04864
      ],
      "position_m": [
        0.4149,
        2.0889,
        -0.823
      ],
      "rms_px": 0.244
    },
    "5": {
      "rvec": [
        -1.559275,
        0.852448,
        -6.189345
      ],
      "position_m": [
        0.1538,
        0.4164,
        0.0006
      ],
      "rms_px": 1.053
    },
    "6": {
      "rvec": [
        0.020578,
        -0.01223,
        -1.43131
      ],
      "position_m": [
        -0.6632,
        0.3702,
        0.0065
      ],
      "rms_px": 0.598
    },
    "7": {
      "rvec": [
        0.060424,
        -0.00869,
        2.14041
      ],
      "position_m": [
        0.9359,
        -0.1161,
        -0.0217
      ],
      "rms_px": 0.662
    },
    "9": {
      "rvec": [
        0.002267,
        0.014079,
        3.097194
      ],
      "position_m": [
        -1.5254,
        -0.6466,
        -0.6685
      ],
      "rms_px": 0.138
    },
    "11": {
      "rvec": [
        0.043087,
        0.028949,
        1.571473
      ],
      "position_m": [
        -0.6581,
        1.3263,
        -0.7659
      ],
      "rms_px": 0.212
    },
    "0": {
      "position_m": [
        0.0,
        0.0,
        0.0
      ],
      "rvec": [
        0.0,
        0.0,
        0.0
      ],
      "fixed": "world frame anchor"
    }
  },
  "cube": {
    "center_m": [
      0.1431,
      0.2502,
      1.5607
    ],
    "rvec": [
      -1.99168,
      2.378783,
      -0.002373
    ],
    "width_m": 0.125,
    "face_assignment": {
      "20260720_083736_anchor0.jpg": "-X",
      "20260720_083736_anchor1.jpg": "+X"
    },
    "rms_px": 1.957
  }
}
