{
  "generated_at": "2026-07-20T11:25:48+0800",
  "source_detections": "detections/20260720_083736_detections.json",
  "intrinsics": {
    "anchor": {
      "resolution": [
        1920,
        1080
      ],
      "K": [
        [
          1424.0,
          0.0,
          960.0
        ],
        [
          0.0,
          1424.0,
          540.0
        ],
        [
          0.0,
          0.0,
          1.0
        ]
      ],
      "distortion": [
        0.0115842,
        0.18723804,
        -0.00126164,
        0.00058383,
        -0.38807272
      ],
      "source": "cranebot3-firmware camera_cal (see calibration.md)"
    },
    "gripper": {
      "resolution": [
        384,
        384
      ],
      "K": [
        [
          439.31834658631243,
          0.0,
          192.0
        ],
        [
          0.0,
          461.5621083718772,
          192.0
        ],
        [
          0.0,
          0.0,
          1.0
        ]
      ],
      "distortion": [
        -0.026228587204545444,
        -0.012309725227594465,
        -0.00033204923591180567,
        0.0015432535264626682,
        0.10759316594344916
      ],
      "source": "cranebot3-firmware camera_cal_wide under center-crop assumption (HACK, unverified - see calibration.md)"
    }
  },
  "world_frame": "tag 0 frame: origin at tag 0 lower-left corner, z-up",
  "overall_rms_px": 0.596,
  "stages": [
    {
      "stage": 1,
      "tags": [
        0,
        5,
        6,
        7
      ],
      "cube": true,
      "cameras": [
        "anchor0",
        "anchor1"
      ]
    },
    {
      "stage": 2,
      "tags": [
        0,
        5,
        6,
        7,
        2,
        4,
        9,
        11
      ],
      "cube": true,
      "cameras": [
        "anchor0",
        "anchor1",
        "gripper"
      ]
    }
  ],
  "cameras": {
    "anchor0": {
      "position_m": [
        0.7028,
        2.4867,
        2.0962
      ],
      "rvec_world_to_cam": [
        0.340473,
        2.549918,
        -1.559783
      ],
      "tvec_world_to_cam": [
        0.041699,
        0.687431,
        3.255339
      ],
      "rms_px": 0.482
    },
    "anchor1": {
      "position_m": [
        -0.5998,
        -1.818,
        2.1484
      ],
      "rvec_world_to_cam": [
        2.054067,
        -0.301257,
        0.067038
      ],
      "tvec_world_to_cam": [
        0.312238,
        0.937176,
        2.702718
      ],
      "rms_px": 0.517
    },
    "gripper": {
      "position_m": [
        0.272,
        0.1227,
        1.0078
      ],
      "rvec_world_to_cam": [
        -0.892301,
        2.831902,
        0.313297
      ],
      "tvec_world_to_cam": [
        0.20591,
        -0.195531,
        1.011977
      ],
      "rms_px": 1.269
    }
  },
  "tags": {
    "2": {
      "rvec": [
        0.007466,
        -0.032413,
        2.412276
      ],
      "position_m": [
        -1.7163,
        0.1471,
        -0.6658
      ],
      "rms_px": 0.131
    },
    "4": {
      "rvec": [
        0.00091,
        -0.00779,
        2.047258
      ],
      "position_m": [
        0.4187,
        2.0919,
        -0.8269
      ],
      "rms_px": 0.244
    },
    "5": {
      "rvec": [
        -1.300105,
        0.998078,
        -6.231757
      ],
      "position_m": [
        0.1534,
        0.4163,
        0.0006
      ],
      "rms_px": 0.574
    },
    "6": {
      "rvec": [
        0.019401,
        -0.012213,
        -1.432164
      ],
      "position_m": [
        -0.662,
        0.3701,
        0.0073
      ],
      "rms_px": 0.631
    },
    "7": {
      "rvec": [
        0.061972,
        -0.007838,
        2.139589
      ],
      "position_m": [
        0.9344,
        -0.1161,
        -0.0226
      ],
      "rms_px": 0.697
    },
    "9": {
      "rvec": [
        0.004967,
        0.014338,
        3.096484
      ],
      "position_m": [
        -1.5283,
        -0.6502,
        -0.6696
      ],
      "rms_px": 0.138
    },
    "11": {
      "rvec": [
        0.042974,
        0.028896,
        1.570091
      ],
      "position_m": [
        -0.6554,
        1.3308,
        -0.77
      ],
      "rms_px": 0.212
    },
    "0": {
      "position_m": [
        0.0,
        0.0,
        0.0
      ],
      "rvec": [
        0.0,
        0.0,
        0.0
      ],
      "fixed": "world frame anchor"
    }
  },
  "cube": {
    "center_m": [
      0.1399,
      0.2367,
      1.5578
    ],
    "rvec": [
      -1.994536,
      2.473413,
      -0.008236
    ],
    "width_m": 0.125,
    "face_assignment": {
      "20260720_083736_anchor0.jpg": "-X",
      "20260720_083736_anchor1.jpg": "+X"
    },
    "rms_px": 0.585
  }
}
